,34609,testassemblies1013
,19814,testassemblies1014
,86226,testassemblies1015
,81880,testassemblies1020
,83372,testassemblies1023
,72882,testassemblies1026
,74660,testassemblies1031
,80517,testassemblies1033
,15813,testassemblies1037
,55001,testassemblies1043
,83125,testassemblies1046
,18857,testassemblies1047
,18449,testassemblies1051
,76463,testassemblies1054
,18329,testassemblies1055
,20114,testassemblies1057
,82179,testassemblies1059
,139183,testassemblies1060
,142345,testassemblies1062
,19329,testassemblies1067
,18107,testassemblies1069
,75442,testassemblies1070
,81711,testassemblies1074
,148762,testassemblies1079
,83201,testassemblies1080
,20016,testassemblies1082
,74727,testassemblies1085
,125428,testassemblies1096
,77388,testassemblies1097
,18368,testassemblies1100
,20151,testassemblies1104
,17075,testassemblies1105
,20023,testassemblies1106
,20021,testassemblies1109
,144895,testassemblies1113
,248730,testassemblies1116
,480,testassemblies112
,19347,testassemblies1120
,78358,testassemblies1121
,421,testassemblies113
,79425,testassemblies1131
,18984,testassemblies1134
,28641,testassemblies1149
,79828,testassemblies1150
,20024,testassemblies1151
,80051,testassemblies1168
,142101,testassemblies1171
,43372,testassemblies1175
,17845,testassemblies1177
,78881,testassemblies1182
,88078,testassemblies1189
,77715,testassemblies1194
,2,testassemblies1195
,31,testassemblies1196
,276,testassemblies1210
,68,testassemblies1212
,11,testassemblies1215
,67,testassemblies1216
,36,testassemblies1217
,87,testassemblies1220
,79,testassemblies1221
,788,testassemblies1224
,528,testassemblies1225
,843,testassemblies1226
,78333,testassemblies1228
,1008,testassemblies1232
,72684,testassemblies1235
,1827,testassemblies1236
,17013,testassemblies1244
,424,testassemblies1247
,1150,testassemblies1248
,2447,testassemblies1249
,1721,testassemblies1250
,5850,testassemblies1251
,1761,testassemblies1252
,2375,testassemblies1253
,1787,testassemblies1254
,5934,testassemblies1255
,631,testassemblies1256
,795,testassemblies1257
,1499,testassemblies1258
,6419,testassemblies1292
,1990,testassemblies1293
,3584,testassemblies1302
,786,testassemblies1311
,28,testassemblies1320
,79285,testassemblies1335
,18901,testassemblies1345
,816,testassemblies1382
,488,testassemblies1383
,3106,testassemblies1384
,962,testassemblies141
,1152,testassemblies1428
,80656,testassemblies1437
,793,testassemblies144
,17894,testassemblies1445
,2435,testassemblies145
,1174,testassemblies1451
,2410,testassemblies1452
,1738,testassemblies1453
,18370,testassemblies1459
,133592,testassemblies1460
,130761,testassemblies1475
,105,testassemblies1487
,1689,testassemblies1510
,1110,testassemblies1511
,1769,testassemblies1512
,1723,testassemblies1513
,6735,testassemblies1514
,15169,testassemblies1547
,16922,testassemblies1556
,970,testassemblies1562
,16971,testassemblies1567
,19408,testassemblies1572
,81820,testassemblies1575
,133648,testassemblies1576
,20,testassemblies1593
,83401,testassemblies1630
,361,testassemblies1639
,289,testassemblies1646
,306,testassemblies1647
,1042,testassemblies1648
,103,testassemblies1651
,86063,testassemblies1657
,141029,testassemblies1658
,56,testassemblies167
,14773,testassemblies1677
,77571,testassemblies1688
,31,testassemblies1704
,146,testassemblies1705
,24,testassemblies1708
,598,testassemblies1710
,782,testassemblies1714
,803,testassemblies172
,17461,testassemblies1720
,239350,testassemblies1721
,2476,testassemblies173
,1512,testassemblies1742
,896,testassemblies1746
,80999,testassemblies1759
,198,testassemblies176
,76929,testassemblies1774
,1420,testassemblies1775
,127978,testassemblies1783
,42,testassemblies1813
,1242,testassemblies1831
,19829,testassemblies1840
,171,testassemblies1849
,78569,testassemblies1860
,20195,testassemblies1862
,1310,testassemblies1866
,78469,testassemblies1869
,80984,testassemblies1875
,20034,testassemblies1884
,360,testassemblies1895
,81179,testassemblies1909
,19511,testassemblies1910
,17855,testassemblies1920
,75655,testassemblies1921
,1,testassemblies1925
,286,testassemblies1926
,208,testassemblies1933
,1880,testassemblies195
,16977,testassemblies1978
,212,testassemblies1981
,618,testassemblies1983
,69,testassemblies1984
,19780,testassemblies2021
,19576,testassemblies2024
,67,testassemblies2050
,209,testassemblies2051
,17399,testassemblies2069
,75727,testassemblies2070
,1732,testassemblies2073
,774,testassemblies2075
,1103,testassemblies2087
,872,testassemblies2093
,1571,testassemblies2110
,77941,testassemblies2115
,20032,testassemblies2131
,19654,testassemblies2139
,19460,testassemblies2140
,20564,testassemblies2157
,46,testassemblies2175
,9,testassemblies2176
,30,testassemblies2188
,16465,testassemblies2203
,13,testassemblies2211
,1701,testassemblies2215
,2633,testassemblies2216
,2387,testassemblies2217
,858,testassemblies2218
,750,testassemblies2222
,133391,testassemblies2227
,76994,testassemblies2230
,81624,testassemblies2236
,131316,testassemblies2238
,81350,testassemblies225
,190204,testassemblies2272
,17519,testassemblies2289
,18059,testassemblies229
,962,testassemblies2298
,79311,testassemblies230
,132949,testassemblies231
,76850,testassemblies2316
,85988,testassemblies2324
,82514,testassemblies2326
,82055,testassemblies233
,1,testassemblies2337
,137924,testassemblies2344
,193335,testassemblies2345
,72012,testassemblies2362
,95147,testassemblies237
,75633,testassemblies2371
,605,testassemblies2380
,3976,testassemblies2381
,1760,testassemblies2382
,16325,testassemblies2392
,75817,testassemblies2395
,18967,testassemblies2401
,138101,testassemblies241
,118694,testassemblies2417
,67020,testassemblies2418
,20032,testassemblies2430
,75856,testassemblies2432
,79684,testassemblies244
,83440,testassemblies2440
,911,testassemblies2446
,127928,testassemblies245
,19419,testassemblies2451
,73900,testassemblies2452
,976,testassemblies2455
,78495,testassemblies247
,131520,testassemblies248
,17363,testassemblies2490
,54199,testassemblies2492
,331,testassemblies2511
,18571,testassemblies2518
,76472,testassemblies2519
,77100,testassemblies2549
,131758,testassemblies2550
,18662,testassemblies2554
,76,testassemblies2561
,17594,testassemblies2563
,32,testassemblies2573
,19542,testassemblies2579
,504,testassemblies2582
,73261,testassemblies2593
,17565,testassemblies2595
,16713,testassemblies2596
,80368,testassemblies2599
,2387,testassemblies2602
,599,testassemblies2604
,77361,testassemblies2609
,19433,testassemblies2610
,20,testassemblies2623
,18038,testassemblies2636
,18638,testassemblies2647
,70,testassemblies2650
,268,testassemblies2662
,80471,testassemblies2688
,126,testassemblies2695
,1102,testassemblies2704
,80974,testassemblies2708
,77336,testassemblies2714
,25,testassemblies2718
,38,testassemblies272
,858,testassemblies2722
,17900,testassemblies2725
,74574,testassemblies2726
,18893,testassemblies2727
,16439,testassemblies2732
,76417,testassemblies2755
,19404,testassemblies2770
,730,testassemblies2778
,143055,testassemblies2785
,17605,testassemblies2792
,2720,testassemblies2798
,1921,testassemblies2818
,1856,testassemblies2819
,6899,testassemblies2820
,1732,testassemblies2821
,20216,testassemblies2845
,74095,testassemblies2846
,2989,testassemblies2851
,76371,testassemblies2856
,614,testassemblies2858
,4,testassemblies2861
,19686,testassemblies2870
,76695,testassemblies2871
,71874,testassemblies2874
,74461,testassemblies2881
,1974,testassemblies2884
,75051,testassemblies2905
,46,testassemblies2921
,20275,testassemblies2975
,706,testassemblies2978
,83378,testassemblies2985
,251319,testassemblies2986
,41,testassemblies3007
,768,testassemblies3008
,796,testassemblies301
,77475,testassemblies3014
,119550,testassemblies3017
,2244,testassemblies302
,16100,testassemblies3021
,136313,testassemblies3025
,81326,testassemblies3028
,19648,testassemblies3031
,959,testassemblies3053
,17358,testassemblies307
,15,testassemblies3076
,44,testassemblies3095
,1574,testassemblies3103
,2597,testassemblies3108
,2493,testassemblies3110
,81097,testassemblies3112
,80665,testassemblies3115
,19749,testassemblies3116
,576,testassemblies3152
,656,testassemblies3153
,16836,testassemblies3171
,17202,testassemblies3172
,77334,testassemblies3173
,359,testassemblies3197
,79576,testassemblies3206
,20271,testassemblies3213
,765,testassemblies3215
,194,testassemblies3218
,2960,testassemblies3227
,1148,testassemblies3248
,16871,testassemblies3249
,131614,testassemblies3318
,1388,testassemblies3322
,79507,testassemblies3332
,137440,testassemblies3334
,2529,testassemblies3367
,699,testassemblies3390
,1802,testassemblies3391
,971,testassemblies3396
,821,testassemblies3397
,705,testassemblies3398
,132828,testassemblies341
,68,testassemblies3417
,19984,testassemblies3428
,80053,testassemblies3429
,131091,testassemblies3430
,160,testassemblies3433
,1876,testassemblies3434
,20029,testassemblies344
,137154,testassemblies345
,37,testassemblies3454
,16450,testassemblies3470
,856,testassemblies3471
,72240,testassemblies3479
,379,testassemblies3480
,2333,testassemblies3481
,748,testassemblies3482
,17893,testassemblies3487
,658,testassemblies3494
,16667,testassemblies3497
,78934,testassemblies3502
,726,testassemblies3506
,124678,testassemblies3525
,83450,testassemblies353
,1667,testassemblies3537
,141806,testassemblies354
,841,testassemblies3548
,1821,testassemblies3560
,681,testassemblies3568
,6429,testassemblies3576
,16654,testassemblies3596
,3,testassemblies3598
,1383,testassemblies3602
,79187,testassemblies3611
,687,testassemblies3613
,710,testassemblies3624
,18663,testassemblies3637
,79401,testassemblies3638
,585,testassemblies3652
,80443,testassemblies369
,19574,testassemblies3695
,77832,testassemblies3729
,1232,testassemblies3736
,759,testassemblies3743
,72948,testassemblies3770
,17081,testassemblies3774
,73243,testassemblies3775
,74482,testassemblies3780
,17408,testassemblies379
,1465,testassemblies3792
,19060,testassemblies3794
,82218,testassemblies3798
,74570,testassemblies380
,75815,testassemblies3810
,97606,testassemblies3817
,79169,testassemblies382
,81980,testassemblies385
,16532,testassemblies3850
,16607,testassemblies3853
,782,testassemblies3857
,140907,testassemblies386
,52919,testassemblies3871
,16681,testassemblies3876
,20034,testassemblies388
,78628,testassemblies3881
,2404,testassemblies3890
,19850,testassemblies3896
,339497,testassemblies390
,32952,testassemblies3900
,87754,testassemblies3902
,106,testassemblies3906
,80,testassemblies3907
,878,testassemblies3908
,192719,testassemblies391
,80922,testassemblies3910
,15715,testassemblies3916
,19690,testassemblies3919
,131783,testassemblies392
,20096,testassemblies3945
,11,testassemblies3956
,6084,testassemblies3969
,13,testassemblies40
,73694,testassemblies4028
,19920,testassemblies4029
,16301,testassemblies4038
,71987,testassemblies4044
,211,testassemblies4056
,20022,testassemblies406
,17718,testassemblies4062
,16471,testassemblies4067
,82188,testassemblies407
,83112,testassemblies4086
,12,testassemblies41
,17129,testassemblies4113
,70928,testassemblies4114
,28,testassemblies4118
,79715,testassemblies413
,59,testassemblies4134
,141778,testassemblies414
,122670,testassemblies4157
,79654,testassemblies4158
,82477,testassemblies417
,143,testassemblies4175
,131515,testassemblies418
,13,testassemblies42
,191060,testassemblies420
,2820,testassemblies4200
,1000,testassemblies421
,3254,testassemblies4215
,16894,testassemblies4226
,75188,testassemblies4227
,78141,testassemblies423
,165,testassemblies4233
,39,testassemblies4242
,76570,testassemblies4249
,905,testassemblies4250
,81861,testassemblies426
,138385,testassemblies427
,61862,testassemblies4276
,76019,testassemblies4279
,75245,testassemblies4291
,19717,testassemblies4292
,1253,testassemblies4297
,53,testassemblies4304
,202,testassemblies4311
,134756,testassemblies432
,17893,testassemblies4321
,76533,testassemblies4322
,182149,testassemblies433
,301264,testassemblies435
,20031,testassemblies4356
,83218,testassemblies436
,76613,testassemblies4379
,1060,testassemblies4387
,18413,testassemblies4411
,797,testassemblies4425
,15679,testassemblies4442
,272,testassemblies4458
,17833,testassemblies446
,78232,testassemblies447
,140579,testassemblies448
,238,testassemblies4484
,19275,testassemblies4493
,125989,testassemblies4494
,18374,testassemblies45
,76255,testassemblies4500
,81965,testassemblies451
,150,testassemblies4514
,17274,testassemblies4518
,1488,testassemblies4523
,839,testassemblies4524
,18814,testassemblies4531
,316,testassemblies4539
,2576,testassemblies4546
,2858,testassemblies4551
,77192,testassemblies4556
,20176,testassemblies4565
,81498,testassemblies458
,138,testassemblies4595
,9,testassemblies4608
,989,testassemblies4630
,79565,testassemblies4634
,83161,testassemblies464
,76086,testassemblies4642
,19757,testassemblies4644
,16915,testassemblies4650
,72864,testassemblies4669
,83522,testassemblies4676
,17116,testassemblies4687
,18638,testassemblies47
,20253,testassemblies4700
,52743,testassemblies4702
,19516,testassemblies4704
,81435,testassemblies4715
,70,testassemblies4726
,98754,testassemblies473
,154552,testassemblies474
,16799,testassemblies4747
,70880,testassemblies4748
,139,testassemblies4754
,438,testassemblies4755
,209842,testassemblies476
,712,testassemblies4761
,1375,testassemblies4766
,240383,testassemblies478
,840,testassemblies4780
,76049,testassemblies4789
,2257,testassemblies4796
,81852,testassemblies480
,362,testassemblies4800
,411,testassemblies4801
,766,testassemblies4805
,9,testassemblies4809
,136336,testassemblies481
,16062,testassemblies4834
,250988,testassemblies484
,53,testassemblies4860
,16761,testassemblies4862
,1091,testassemblies4863
,84,testassemblies4865
,555,testassemblies4867
,19,testassemblies4868
,469,testassemblies4870
,857,testassemblies4872
,681,testassemblies4877
,19762,testassemblies489
,1873,testassemblies4894
,17518,testassemblies4895
,76880,testassemblies490
,42,testassemblies4906
,6,testassemblies4907
,2076,testassemblies4920
,81244,testassemblies493
,190669,testassemblies494
,874,testassemblies4954
,779,testassemblies4966
,15433,testassemblies4975
,20034,testassemblies498
,81518,testassemblies499
,85132,testassemblies50
,2172,testassemblies5004
,16979,testassemblies5009
,1251,testassemblies5018
,2308,testassemblies5021
,859,testassemblies5022
,20031,testassemblies503
,634,testassemblies5030
,822,testassemblies5032
,2453,testassemblies5036
,81413,testassemblies504
,201494,testassemblies505
,727,testassemblies5065
,141851,testassemblies507
,78254,testassemblies5072
,74560,testassemblies5074
,836,testassemblies5080
,16068,testassemblies5083
,138715,testassemblies51
,15434,testassemblies5106
,19858,testassemblies515
,19565,testassemblies5150
,77790,testassemblies516
,2653,testassemblies5162
,16962,testassemblies5165
,71140,testassemblies5166
,81735,testassemblies519
,19041,testassemblies5196
,6163,testassemblies5199
,126369,testassemblies520
,18351,testassemblies522
,79815,testassemblies523
,1751,testassemblies5237
,20033,testassemblies5245
,858,testassemblies5252
,462,testassemblies5255
,2616,testassemblies5256
,350,testassemblies5265
,144874,testassemblies527
,754,testassemblies5278
,779,testassemblies5280
,816,testassemblies5286
,77007,testassemblies5290
,862,testassemblies5295
,75137,testassemblies5302
,16942,testassemblies531
,19573,testassemblies5312
,80723,testassemblies5314
,76688,testassemblies532
,79571,testassemblies5324
,810,testassemblies5327
,137869,testassemblies533
,605,testassemblies5335
,79453,testassemblies5351
,296,testassemblies5355
,16156,testassemblies5372
,49449,testassemblies5374
,1999,testassemblies5380
,1,testassemblies5411
,73723,testassemblies5419
,16330,testassemblies542
,15639,testassemblies543
,755,testassemblies5449
,698,testassemblies5454
,916,testassemblies5464
,111,testassemblies5467
,19603,testassemblies548
,18664,testassemblies5499
,309,testassemblies5502
,75811,testassemblies5505
,762,testassemblies5510
,80666,testassemblies5512
,119847,testassemblies552
,177224,testassemblies553
,18852,testassemblies5534
,19651,testassemblies5539
,76523,testassemblies5540
,20035,testassemblies555
,16918,testassemblies5554
,78038,testassemblies5594
,83924,testassemblies56
,17014,testassemblies5608
,2133,testassemblies5609
,187,testassemblies5610
,1665,testassemblies5614
,17312,testassemblies5617
,18104,testassemblies5618
,77679,testassemblies5622
,1623,testassemblies5628
,393,testassemblies5630
,82748,testassemblies564
,81815,testassemblies567
,82177,testassemblies577
,296638,testassemblies580
,140110,testassemblies582
,16733,testassemblies584
,18306,testassemblies585
,83326,testassemblies589
,145541,testassemblies59
,140449,testassemblies590
,18376,testassemblies596
,19634,testassemblies603
,75255,testassemblies604
,16082,testassemblies608
,78339,testassemblies610
,19760,testassemblies612
,143501,testassemblies613
,88640,testassemblies617
,19545,testassemblies622
,16176,testassemblies623
,80121,testassemblies631
,19909,testassemblies632
,81137,testassemblies637
,142235,testassemblies638
,19758,testassemblies640
,112967,testassemblies652
,77769,testassemblies668
,117342,testassemblies672
,172594,testassemblies673
,79611,testassemblies681
,138582,testassemblies682
,19380,testassemblies684
,56182,testassemblies687
,114743,testassemblies689
,19775,testassemblies690
,16825,testassemblies693
,81412,testassemblies696
,16902,testassemblies699
,21,testassemblies70
,81560,testassemblies701
,16038,testassemblies705
,76107,testassemblies707
,79920,testassemblies710
,20033,testassemblies711
,222581,testassemblies712
,142894,testassemblies713
,184350,testassemblies714
,83497,testassemblies729
,133711,testassemblies730
,82865,testassemblies732
,141242,testassemblies733
,20034,testassemblies734
,82760,testassemblies743
,86585,testassemblies746
,79678,testassemblies765
,142428,testassemblies767
,86453,testassemblies768
,291197,testassemblies772
,172296,testassemblies773
,20267,testassemblies778
,81007,testassemblies779
,83733,testassemblies786
,141935,testassemblies788
,17466,testassemblies797
,77109,testassemblies798
,85508,testassemblies801
,19614,testassemblies810
,140128,testassemblies818
,19757,testassemblies821
,76223,testassemblies822
,19984,testassemblies823
,78834,testassemblies824
,82945,testassemblies833
,17437,testassemblies837
,73023,testassemblies838
,78775,testassemblies841
,18447,testassemblies842
,80058,testassemblies845
,135551,testassemblies851
,19931,testassemblies852
,189240,testassemblies854
,20033,testassemblies858
,136719,testassemblies859
,16286,testassemblies862
,20026,testassemblies864
,80650,testassemblies871
,253098,testassemblies874
,81264,testassemblies877
,141223,testassemblies878
,20028,testassemblies884
,78760,testassemblies885
,80211,testassemblies891
,19311,testassemblies892
,79578,testassemblies893
,140429,testassemblies896
,192256,testassemblies897
,1317,testassemblies898
,90441,testassemblies904
,82870,testassemblies909
,81025,testassemblies914
,143371,testassemblies919
,19260,testassemblies926
,114045,testassemblies936
,19110,testassemblies937
,17364,testassemblies942
,69074,testassemblies944
,19492,testassemblies945
,19397,testassemblies947
,36188,testassemblies950
,1275,testassemblies952
,17844,testassemblies957
,191585,testassemblies959
,20139,testassemblies963
,131773,testassemblies964
,81014,testassemblies965
,24,testassemblies97
,133737,testassemblies970
,19376,testassemblies972
,78786,testassemblies975
,19293,testassemblies980
,17410,testassemblies983
,72187,testassemblies984
,16805,testassemblies985
,15710,testassemblies990
,20021,testassemblies991
,74663,testassemblies996
,17768,testassemblies998