,221,testassemblies9
,193,testassemblies10
,144,testassemblies20
,204,testassemblies21
,236,testassemblies22
,661,testassemblies23
,1481,testassemblies36
,11308,testassemblies37
,368,testassemblies52
,1010,testassemblies53
,386,testassemblies54
,1028,testassemblies55
,1674,testassemblies56
,190,testassemblies61
,85,testassemblies62
,89,testassemblies63
,257,testassemblies64
,205,testassemblies71
,69,testassemblies76
,31,testassemblies84
,1492,testassemblies86
,1353,testassemblies90
,20826,testassemblies91
,169,testassemblies98
,1463,testassemblies114
,1501,testassemblies115
,1456,testassemblies127
,285,testassemblies128
,1980,testassemblies129
,977,testassemblies130
,3159,testassemblies131
,4225,testassemblies132
,290,testassemblies133
,898,testassemblies134
,1771,testassemblies135
,1495,testassemblies137
,1303,testassemblies139
,235,testassemblies144
,946,testassemblies145
,314,testassemblies146
,890,testassemblies147
,1537,testassemblies153
,6436,testassemblies154
,11203,testassemblies155
,298,testassemblies161
,1779,testassemblies162
,216,testassemblies163
,1530,testassemblies165
,297,testassemblies168
,1419,testassemblies172
,1487,testassemblies179
,1471,testassemblies180
,20563,testassemblies181
,1492,testassemblies191
,1332,testassemblies192
,1520,testassemblies195
,1426,testassemblies219
,1564,testassemblies231
,6444,testassemblies232
,11238,testassemblies233
,1556,testassemblies238
,287,testassemblies258
,1906,testassemblies259
,1492,testassemblies260
,11316,testassemblies261
,1344,testassemblies291
,1387,testassemblies294
,1348,testassemblies324
,10986,testassemblies325
,1323,testassemblies328
,1398,testassemblies342
,1563,testassemblies359
,1497,testassemblies366
,20945,testassemblies367
,1433,testassemblies387
,1353,testassemblies392
,11104,testassemblies393
,15950,testassemblies394
,1429,testassemblies395
,1529,testassemblies409
,6396,testassemblies410
,11303,testassemblies411
,1361,testassemblies413
,6539,testassemblies414
,1527,testassemblies424
,1534,testassemblies446
,6613,testassemblies447
,274,testassemblies448
,1467,testassemblies449
,1446,testassemblies470
,200,testassemblies489
,942,testassemblies490
,1942,testassemblies491
,1505,testassemblies496
,1556,testassemblies507
,11326,testassemblies508
,16183,testassemblies509
,1537,testassemblies545
,16000,testassemblies546
,1432,testassemblies576
,1371,testassemblies643
,11000,testassemblies644
,1488,testassemblies671
,6458,testassemblies672
,1406,testassemblies687
,1541,testassemblies699
,1562,testassemblies714
,1493,testassemblies715
,1481,testassemblies718
,1515,testassemblies719
,1495,testassemblies721
,1467,testassemblies722
,1471,testassemblies762
,6089,testassemblies763
,1481,testassemblies775
,11190,testassemblies776
,1396,testassemblies788
,11161,testassemblies789
,101,testassemblies795
,191,testassemblies796
,357,testassemblies797
,2283,testassemblies798
,364,testassemblies799
,994,testassemblies800
,86,testassemblies802
,18,testassemblies803
,1468,testassemblies842
,1539,testassemblies1002
,6465,testassemblies1003
,16182,testassemblies1004
,557,testassemblies1005
,1201,testassemblies1006
,1553,testassemblies1019
,1487,testassemblies1071
,1564,testassemblies1163
,1389,testassemblies1194
,1476,testassemblies1203
,1553,testassemblies1210
,1449,testassemblies1438
,10118,testassemblies1439
,1487,testassemblies1447
,192,testassemblies1452
,365,testassemblies1454
,1014,testassemblies1455
,367,testassemblies1456
,102,testassemblies1458
,381,testassemblies1797
,1434,testassemblies1991
,277,testassemblies1994
,238,testassemblies1995
,1497,testassemblies2140
,1312,testassemblies2242
,255,testassemblies2244
,263,testassemblies2245
,229,testassemblies2246
,380,testassemblies2307
,1028,testassemblies2308
,1482,testassemblies2355
,356,testassemblies2357
,265,testassemblies2370
,222,testassemblies2371
,164,testassemblies2379
,231,testassemblies2380
,1559,testassemblies2392
,279,testassemblies2395
,1516,testassemblies2405
,1457,testassemblies2414
,1551,testassemblies2421
,6395,testassemblies2422
,11192,testassemblies2423
,1382,testassemblies2433
,1389,testassemblies2446
,283,testassemblies2449
,1520,testassemblies2453
,16053,testassemblies2454
,1479,testassemblies2457
,6412,testassemblies2458
,1473,testassemblies2465
,202,testassemblies2470
,885,testassemblies2473
,206,testassemblies2474
,1543,testassemblies2475
,6469,testassemblies2476
,1576,testassemblies2477
,25538,testassemblies2478
,1487,testassemblies2486
,6339,testassemblies2487
,10614,testassemblies2488
,1509,testassemblies2494
,1571,testassemblies2495
,6463,testassemblies2496
,11151,testassemblies2497
,1284,testassemblies2498
,1496,testassemblies2500
,84,testassemblies2503
,104,testassemblies2506
,281,testassemblies2507
,1363,testassemblies2513
,1496,testassemblies2517
,1554,testassemblies2519
,11281,testassemblies2520
,1,testassemblies2522
,1523,testassemblies2523
,6469,testassemblies2524
,1509,testassemblies2525
,15899,testassemblies2526
,1517,testassemblies2527
,1342,testassemblies2528
,6299,testassemblies2529
,1380,testassemblies2530
,1428,testassemblies2531
,1478,testassemblies2533
,1478,testassemblies2534
,6364,testassemblies2535
,11104,testassemblies2536
,1474,testassemblies2538
,1437,testassemblies2542
,6242,testassemblies2543
,1461,testassemblies2548
,10956,testassemblies2549
,1436,testassemblies2550
,10952,testassemblies2551
,1530,testassemblies2553
,6656,testassemblies2554
,10810,testassemblies2555
,1472,testassemblies2559
,1555,testassemblies2560
,1508,testassemblies2561
,6386,testassemblies2562
,10747,testassemblies2563
,1480,testassemblies2564
,1531,testassemblies2565
,6192,testassemblies2566
,1512,testassemblies2567
,6417,testassemblies2568
,1564,testassemblies2569
,6481,testassemblies2570
,11309,testassemblies2571
,1423,testassemblies2572
,1466,testassemblies2573
,1392,testassemblies2574